TradeID,DV01,Vega,PV
1,0,0,200253
2,0,0,-135622
3,0,0,-28646.2
4,0,0,-275254
5,0,0,-297739
6,0,0,-214078
7,0,0,18.1616
8,0,0,159.34
9,0,0,112.997
10,0,0,0.0110558
11,0,0,5.79535e-12
12,0,0,15.2482
13,0,0,126.244
14,0,0,143.147
15,0,0,0.00756741
